-- phpMyAdmin SQL Dump
-- version 5.2.1
-- https://www.phpmyadmin.net/
--
-- Host: 127.0.0.1
-- Generation Time: Feb 14, 2026 at 02:50 PM
-- Server version: 10.4.32-MariaDB
-- PHP Version: 8.0.30

SET SQL_MODE = "NO_AUTO_VALUE_ON_ZERO";
START TRANSACTION;
SET time_zone = "+00:00";


/*!40101 SET @OLD_CHARACTER_SET_CLIENT=@@CHARACTER_SET_CLIENT */;
/*!40101 SET @OLD_CHARACTER_SET_RESULTS=@@CHARACTER_SET_RESULTS */;
/*!40101 SET @OLD_COLLATION_CONNECTION=@@COLLATION_CONNECTION */;
/*!40101 SET NAMES utf8mb4 */;

--
-- Database: `week3_lab`
--

-- --------------------------------------------------------

--
-- Table structure for table `departments`
--

CREATE TABLE `departments` (
  `DepartmentID` int(11) NOT NULL,
  `DepartmentName` varchar(50) NOT NULL,
  `Location` varchar(50) NOT NULL
) ENGINE=InnoDB DEFAULT CHARSET=utf8mb4 COLLATE=utf8mb4_general_ci;

--
-- Dumping data for table `departments`
--

INSERT INTO `departments` (`DepartmentID`, `DepartmentName`, `Location`) VALUES
(1, 'HR', 'Naga'),
(2, 'IT', 'Legazpi'),
(3, 'Finance', 'Iriga');

-- --------------------------------------------------------

--
-- Table structure for table `employeeprojects`
--

CREATE TABLE `employeeprojects` (
  `EmployeeID` int(11) NOT NULL,
  `ProjectID` int(11) NOT NULL,
  `AssignedDate` date NOT NULL
) ENGINE=InnoDB DEFAULT CHARSET=utf8mb4 COLLATE=utf8mb4_general_ci;

--
-- Dumping data for table `employeeprojects`
--

INSERT INTO `employeeprojects` (`EmployeeID`, `ProjectID`, `AssignedDate`) VALUES
(1, 1, '2024-01-05'),
(2, 2, '2024-02-20'),
(3, 2, '2024-03-01');

-- --------------------------------------------------------

--
-- Table structure for table `employees`
--

CREATE TABLE `employees` (
  `EmployeeID` int(11) NOT NULL,
  `Name` varchar(50) NOT NULL,
  `Position` varchar(50) NOT NULL,
  `DepartmentID` int(11) DEFAULT NULL
) ENGINE=InnoDB DEFAULT CHARSET=utf8mb4 COLLATE=utf8mb4_general_ci;

--
-- Dumping data for table `employees`
--

INSERT INTO `employees` (`EmployeeID`, `Name`, `Position`, `DepartmentID`) VALUES
(1, 'Anna Cruz', 'HR Manager', 1),
(2, 'Ben Santos', 'Developer', 2),
(3, 'Carlos Reyes', 'Accountant', 3);

-- --------------------------------------------------------

--
-- Table structure for table `projects`
--

CREATE TABLE `projects` (
  `ProjectID` int(11) NOT NULL,
  `ProjectName` varchar(100) NOT NULL,
  `StartDate` date NOT NULL,
  `EndDate` date DEFAULT NULL
) ENGINE=InnoDB DEFAULT CHARSET=utf8mb4 COLLATE=utf8mb4_general_ci;

--
-- Dumping data for table `projects`
--

INSERT INTO `projects` (`ProjectID`, `ProjectName`, `StartDate`, `EndDate`) VALUES
(1, 'Onboarding System', '2024-01-01', '2024-06-30'),
(2, 'Payroll Migration', '2024-02-15', NULL);

--
-- Indexes for dumped tables
--

--
-- Indexes for table `departments`
--
ALTER TABLE `departments`
  ADD PRIMARY KEY (`DepartmentID`),
  ADD UNIQUE KEY `DepartmentName` (`DepartmentName`);

--
-- Indexes for table `employeeprojects`
--
ALTER TABLE `employeeprojects`
  ADD PRIMARY KEY (`EmployeeID`,`ProjectID`),
  ADD KEY `ProjectID` (`ProjectID`);

--
-- Indexes for table `employees`
--
ALTER TABLE `employees`
  ADD PRIMARY KEY (`EmployeeID`),
  ADD KEY `DepartmentID` (`DepartmentID`);

--
-- Indexes for table `projects`
--
ALTER TABLE `projects`
  ADD PRIMARY KEY (`ProjectID`);

--
-- AUTO_INCREMENT for dumped tables
--

--
-- AUTO_INCREMENT for table `departments`
--
ALTER TABLE `departments`
  MODIFY `DepartmentID` int(11) NOT NULL AUTO_INCREMENT, AUTO_INCREMENT=4;

--
-- AUTO_INCREMENT for table `employees`
--
ALTER TABLE `employees`
  MODIFY `EmployeeID` int(11) NOT NULL AUTO_INCREMENT, AUTO_INCREMENT=4;

--
-- AUTO_INCREMENT for table `projects`
--
ALTER TABLE `projects`
  MODIFY `ProjectID` int(11) NOT NULL AUTO_INCREMENT, AUTO_INCREMENT=3;

--
-- Constraints for dumped tables
--

--
-- Constraints for table `employeeprojects`
--
ALTER TABLE `employeeprojects`
  ADD CONSTRAINT `employeeprojects_ibfk_1` FOREIGN KEY (`EmployeeID`) REFERENCES `employees` (`EmployeeID`),
  ADD CONSTRAINT `employeeprojects_ibfk_2` FOREIGN KEY (`ProjectID`) REFERENCES `projects` (`ProjectID`);

--
-- Constraints for table `employees`
--
ALTER TABLE `employees`
  ADD CONSTRAINT `employees_ibfk_1` FOREIGN KEY (`DepartmentID`) REFERENCES `departments` (`DepartmentID`);
COMMIT;

/*!40101 SET CHARACTER_SET_CLIENT=@OLD_CHARACTER_SET_CLIENT */;
/*!40101 SET CHARACTER_SET_RESULTS=@OLD_CHARACTER_SET_RESULTS */;
/*!40101 SET COLLATION_CONNECTION=@OLD_COLLATION_CONNECTION */;
